scenario,simulation,observed_homogenization,latent_homogenization,observed_between_change,latent_between_change,observed_group_mean_variance_change,observed_icc_change,latent_icc_change
crystallization_only,1,0.158052,0,0.012473,0,0.004108,0.020312,0
crystallization_only,2,0.130563,0,-0.003029,0,-0.009216,0.010286,0
crystallization_only,3,0.154392,0,-0.008349,0,-0.015673,0.008763,0
crystallization_only,4,0.132627,0,-0.002614,0,-0.008616,0.01291,0
crystallization_only,5,0.175392,0,0.016444,0,0.00718,0.022363,0
crystallization_only,6,0.159084,0,0.006915,0,-2.13e-4,0.019962,0
crystallization_only,7,0.1987,0,-0.002243,0,-0.013415,0.017369,0
crystallization_only,8,0.182057,0,-0.003184,0,-0.01273,0.02195,0
crystallization_only,9,0.148488,0,-0.004355,0,-0.011528,0.014164,0
crystallization_only,10,0.148249,0,0.003435,0,-0.003576,0.014315,0
crystallization_only,11,0.210077,0,0.026033,0,0.014964,0.03366,0
crystallization_only,12,0.164621,0,-0.001051,0,-0.008885,0.011559,0
crystallization_only,13,0.134473,0,0.001611,0,-0.004652,0.016721,0
crystallization_only,14,0.115835,0,-0.020396,0,-0.025784,-0.004977,0
crystallization_only,15,0.108134,0,-0.008868,0,-0.014047,0.005257,0
crystallization_only,16,0.125084,0,0.010857,0,0.004915,0.020837,0
crystallization_only,17,0.142886,0,-0.029159,0,-0.036244,-0.002413,0
crystallization_only,18,0.136352,0,-0.007235,0,-0.013535,0.011635,0
crystallization_only,19,0.144647,0,-0.005674,0,-0.012625,0.017686,0
crystallization_only,20,0.159958,0,0.031394,0,0.023518,0.040232,0
crystallization_only,21,0.125112,0,-0.022018,0,-0.027907,0.001277,0
crystallization_only,22,0.113299,0,-0.021106,0,-0.02661,-0.00448,0
crystallization_only,23,0.137159,0,0.007095,0,5.64e-4,0.017488,0
crystallization_only,24,0.162935,0,0.007942,0,3.3e-5,0.027934,0
crystallization_only,25,0.135778,0,-0.013703,0,-0.020415,-1.04e-4,0
crystallization_only,26,0.074562,0,0.001137,0,-0.002207,0.006015,0
crystallization_only,27,0.162788,0,-0.018537,0,-0.026523,0.009261,0
crystallization_only,28,0.130697,0,0.01612,0,0.01056,0.025258,0
crystallization_only,29,0.155476,0,-0.010968,0,-0.018642,0.007447,0
crystallization_only,30,0.114774,0,-0.003409,0,-0.008353,0.007212,0
crystallization_only,31,0.14543,0,0.010835,0,0.003854,0.01548,0
crystallization_only,32,0.108241,0,-0.042059,0,-0.046732,-0.020849,0
crystallization_only,33,0.159118,0,-0.002597,0,-0.010428,0.009002,0
crystallization_only,34,0.130685,0,-0.002035,0,-0.008185,0.013879,0
crystallization_only,35,0.186334,0,0.018882,0,0.010051,0.033589,0
crystallization_only,36,0.175799,0,0.023,0,0.01463,0.029603,0
crystallization_only,37,0.144721,0,-0.002969,0,-0.010282,0.017509,0
crystallization_only,38,0.082825,0,-0.009766,0,-0.013458,0.005279,0
crystallization_only,39,0.05148,0,0.002565,0,3.09e-4,0.007552,0
crystallization_only,40,0.143737,0,-0.005461,0,-0.012139,0.008283,0
crystallization_only,41,0.129976,0,0.013622,0,0.007406,0.022262,0
crystallization_only,42,0.10646,0,-0.001493,0,-0.006645,0.00489,0
crystallization_only,43,0.108023,0,-0.018301,0,-0.023237,-0.003956,0
crystallization_only,44,0.15632,0,0.009456,0,0.001727,0.016925,0
crystallization_only,45,0.1537,0,0.00621,0,-0.001453,0.016338,0
crystallization_only,46,0.146595,0,-0.008455,0,-0.016241,0.006335,0
crystallization_only,47,0.098284,0,0.003172,0,-0.001538,0.013293,0
crystallization_only,48,0.135732,0,0.011527,0,0.004889,0.025886,0
crystallization_only,49,0.178627,0,6.82e-4,0,-0.008035,0.011783,0
crystallization_only,50,0.21392,0,-0.018143,0,-0.028014,0.010478,0
crystallization_only,51,0.109336,0,-0.018701,0,-0.024014,-0.00388,0
crystallization_only,52,0.119398,0,-4.35e-4,0,-0.006044,0.009198,0
crystallization_only,53,0.170701,0,-0.011043,0,-0.019922,0.00548,0
crystallization_only,54,0.18295,0,0.014217,0,0.005785,0.028753,0
crystallization_only,55,0.134733,0,-0.009632,0,-0.01631,0.003376,0
crystallization_only,56,0.117558,0,-0.00613,0,-0.012035,0.005788,0
crystallization_only,57,0.156343,0,-2.81e-4,0,-0.007863,0.024818,0
crystallization_only,58,0.184412,0,0.011396,0,0.001789,0.028483,0
crystallization_only,59,0.168509,0,-0.010994,0,-0.019059,9.53e-4,0
crystallization_only,60,0.123359,0,0.006474,0,8.54e-4,0.012643,0
crystallization_only,61,0.161252,0,0.020825,0,0.013639,0.030662,0
crystallization_only,62,0.127676,0,-0.004729,0,-0.01062,0.008053,0
crystallization_only,63,0.184453,0,0.002047,0,-0.006939,0.016441,0
crystallization_only,64,0.125468,0,0.01886,0,0.012583,0.025955,0
crystallization_only,65,0.113472,0,-0.002444,0,-0.007715,0.009239,0
crystallization_only,66,0.169787,0,0.00561,0,-0.002147,0.020935,0
crystallization_only,67,0.122993,0,3.64e-4,0,-0.005201,0.01115,0
crystallization_only,68,0.141408,0,0.020075,0,0.013769,0.02744,0
crystallization_only,69,0.173746,0,0.001797,0,-0.006778,0.019753,0
crystallization_only,70,0.132049,0,0.008567,0,0.002348,0.012874,0
crystallization_only,71,0.194976,0,0.008606,0,-0.001185,0.024047,0
crystallization_only,72,0.123617,0,-0.008574,0,-0.01516,0.006957,0
crystallization_only,73,0.151717,0,-0.015915,0,-0.023339,1.71e-4,0
crystallization_only,74,0.112197,0,0.008449,0,0.003071,0.023539,0
crystallization_only,75,0.095072,0,0.006936,0,0.002289,0.013389,0
crystallization_only,76,0.123768,0,-0.012101,0,-0.017974,-0.001164,0
crystallization_only,77,0.109183,0,3.7e-5,0,-0.005117,0.007624,0
crystallization_only,78,0.082572,0,-0.035591,0,-0.03948,-0.017023,0
crystallization_only,79,0.125721,0,0.006196,0,2.04e-4,0.016222,0
crystallization_only,80,0.135591,0,-0.028189,0,-0.03464,-0.006657,0
crystallization_only,81,0.071194,0,-0.014852,0,-0.017775,-6.02e-4,0
crystallization_only,82,0.086155,0,-0.005601,0,-0.009533,0.002827,0
crystallization_only,83,0.147668,0,0.00212,0,-0.00512,0.01031,0
crystallization_only,84,0.187584,0,0.024872,0,0.015265,0.036586,0
crystallization_only,85,0.138214,0,0.013597,0,0.006989,0.024577,0
crystallization_only,86,0.085843,0,0.016377,0,0.012326,0.019027,0
crystallization_only,87,0.112236,0,0.00271,0,-0.002455,0.014437,0
crystallization_only,88,0.142518,0,0.01191,0,0.004715,0.021846,0
crystallization_only,89,0.09857,0,-0.008445,0,-0.012839,0.001946,0
crystallization_only,90,0.166284,0,-0.012594,0,-0.021042,0.00277,0
crystallization_only,91,0.127624,0,0.004903,0,-0.001107,0.018226,0
crystallization_only,92,0.081799,0,-0.039074,0,-0.042843,-0.018522,0
crystallization_only,93,0.155291,0,-0.031314,0,-0.038782,0.00611,0
crystallization_only,94,0.178641,0,-0.004761,0,-0.012885,0.014198,0
crystallization_only,95,0.147111,0,-0.012411,0,-0.018779,-5.79e-4,0
crystallization_only,96,0.105778,0,0.008334,0,0.003538,0.014615,0
crystallization_only,97,0.120788,0,0.017034,0,0.011379,0.025337,0
crystallization_only,98,0.131091,0,-0.004975,0,-0.011398,0.008846,0
crystallization_only,99,0.123509,0,0.025379,0,0.019862,0.033305,0
crystallization_only,100,0.177836,0,-0.00864,0,-0.017145,0.014791,0
crystallization_only,101,0.151201,0,0.009386,0,0.001751,0.017974,0
crystallization_only,102,0.175395,0,-0.01734,0,-0.025569,0.006299,0
crystallization_only,103,0.143661,0,0.006508,0,-5.13e-4,0.00984,0
crystallization_only,104,0.124735,0,0.00839,0,0.00236,0.021333,0
crystallization_only,105,0.146149,0,0.011166,0,0.004539,0.026819,0
crystallization_only,106,0.164258,0,7.58e-4,0,-0.007165,0.013254,0
crystallization_only,107,0.1674,0,0.00779,0,-7.03e-4,0.019055,0
crystallization_only,108,0.159106,0,-0.036971,0,-0.045147,-0.006532,0
crystallization_only,109,0.144645,0,-4.05e-4,0,-0.007481,0.008937,0
crystallization_only,110,0.125952,0,0.005656,0,-9.83e-4,0.014392,0
crystallization_only,111,0.159267,0,0.015006,0,0.007018,0.022013,0
crystallization_only,112,0.141907,0,0.005325,0,-0.001981,0.019815,0
crystallization_only,113,0.129607,0,-0.010861,0,-0.016922,-5.31e-4,0
crystallization_only,114,0.180693,0,0.001743,0,-0.006759,0.019036,0
crystallization_only,115,0.15106,0,0.011282,0,0.003342,0.019715,0
crystallization_only,116,0.13518,0,0.0155,0,0.009081,0.018809,0
crystallization_only,117,0.146992,0,-0.012277,0,-0.019231,0.005516,0
crystallization_only,118,0.11327,0,0.016901,0,0.011731,0.02687,0
crystallization_only,119,0.146663,0,0.010095,0,0.002731,0.025825,0
crystallization_only,120,0.138388,0,0.012308,0,0.005668,0.025071,0
crystallization_only,121,0.137268,0,-0.006944,0,-0.01374,0.006901,0
crystallization_only,122,0.124351,0,0.009751,0,0.003931,0.017664,0
crystallization_only,123,0.154743,0,0.0041,0,-0.003203,0.019628,0
crystallization_only,124,0.101593,0,-0.010029,0,-0.01495,0.004367,0
crystallization_only,125,0.184708,0,-0.004599,0,-0.012616,0.014915,0
crystallization_only,126,0.182232,0,-1.65e-4,0,-0.009391,0.015566,0
crystallization_only,127,0.152386,0,-0.012724,0,-0.019367,0.012002,0
crystallization_only,128,0.116538,0,0.017108,0,0.011697,0.021449,0
crystallization_only,129,0.144152,0,-0.005822,0,-0.012792,0.012083,0
crystallization_only,130,0.17573,0,-0.016371,0,-0.024404,0.002041,0
crystallization_only,131,0.13817,0,0.019975,0,0.013206,0.023228,0
crystallization_only,132,0.146487,0,-0.003257,0,-0.010551,0.014932,0
crystallization_only,133,0.159991,0,0.001385,0,-0.006011,0.014939,0
crystallization_only,134,0.12381,0,0.005672,0,9.5e-5,0.01714,0
crystallization_only,135,0.146859,0,0.008316,0,0.001633,0.024325,0
crystallization_only,136,0.110473,0,-0.011631,0,-0.016926,0.009181,0
crystallization_only,137,0.141682,0,-0.004159,0,-0.011045,0.012912,0
crystallization_only,138,0.204784,0,-0.001418,0,-0.012268,0.021218,0
crystallization_only,139,0.105479,0,0.007769,0,0.002857,0.013067,0
crystallization_only,140,0.100631,0,0.021541,0,0.016118,0.02282,0
crystallization_only,141,0.14601,0,0.004052,0,-0.002958,0.017913,0
crystallization_only,142,0.176117,0,0.017331,0,0.008461,0.028452,0
crystallization_only,143,0.152262,0,-0.027508,0,-0.034738,-0.001717,0
crystallization_only,144,0.108053,0,-0.004153,0,-0.009045,0.013439,0
crystallization_only,145,0.176077,0,0.010914,0,0.002163,0.017044,0
crystallization_only,146,0.169129,0,0.007909,0,-2.04e-4,0.02029,0
crystallization_only,147,0.124026,0,8.82e-4,0,-0.005168,0.012501,0
crystallization_only,148,0.121309,0,-0.01545,0,-0.02114,-0.001309,0
crystallization_only,149,0.101927,0,-0.003186,0,-0.00793,0.005725,0
crystallization_only,150,0.178466,0,-3.18e-4,0,-0.008316,0.025256,0
crystallization_only,151,0.083646,0,0.003386,0,-6.94e-4,0.013345,0
crystallization_only,152,0.090173,0,-0.017637,0,-0.022041,-0.003197,0
crystallization_only,153,0.137166,0,0.007506,0,8.11e-4,0.017744,0
crystallization_only,154,0.199822,0,-0.029495,0,-0.039036,0.007067,0
crystallization_only,155,0.195848,0,0.00316,0,-0.007397,0.013498,0
crystallization_only,156,0.10222,0,-0.028275,0,-0.032427,-0.014595,0
crystallization_only,157,0.082788,0,-0.023956,0,-0.02787,-0.003754,0
crystallization_only,158,0.17637,0,0.002247,0,-0.005656,0.017115,0
crystallization_only,159,0.151754,0,0.006402,0,-0.001177,0.010723,0
crystallization_only,160,0.112465,0,-0.004429,0,-0.010151,0.007817,0
crystallization_only,161,0.139811,0,-0.004263,0,-0.011263,0.012853,0
crystallization_only,162,0.121007,0,0.00554,0,-4.06e-4,0.013384,0
crystallization_only,163,0.140441,0,0.013885,0,0.00704,0.020995,0
crystallization_only,164,0.150576,0,-0.028098,0,-0.035338,-0.007383,0
crystallization_only,165,0.170583,0,0.0216,0,0.013231,0.023269,0
crystallization_only,166,0.10424,0,0.01227,0,0.007253,0.014242,0
crystallization_only,167,0.112644,0,-0.01035,0,-0.015877,-0.00117,0
crystallization_only,168,0.113304,0,-0.026144,0,-0.031223,-0.00726,0
crystallization_only,169,0.13304,0,-0.005427,0,-0.011433,0.013014,0
crystallization_only,170,0.162722,0,0.017834,0,0.009833,0.028072,0
crystallization_only,171,0.144292,0,-0.002603,0,-0.009719,0.013436,0
crystallization_only,172,0.163695,0,-7.57e-4,0,-0.008292,0.019915,0
crystallization_only,173,0.13211,0,-0.013556,0,-0.019659,0.009151,0
crystallization_only,174,0.117667,0,-0.007971,0,-0.013797,0.00814,0
crystallization_only,175,0.093408,0,-0.001044,0,-0.00512,0.005811,0
crystallization_only,176,0.134606,0,0.013715,0,0.007287,0.023495,0
crystallization_only,177,0.109406,0,-0.008458,0,-0.013821,0.004866,0
crystallization_only,178,0.14775,0,-0.016957,0,-0.024049,0.003198,0
crystallization_only,179,0.146788,0,0.010227,0,0.003531,0.020263,0
crystallization_only,180,0.140985,0,0.009424,0,0.002841,0.013558,0
crystallization_only,181,0.14338,0,-0.024251,0,-0.031092,-0.001348,0
crystallization_only,182,0.183967,0,-0.020846,0,-0.029244,0.005421,0
crystallization_only,183,0.153229,0,0.001013,0,-0.006606,0.013185,0
crystallization_only,184,0.171751,0,0.006571,0,-0.002081,0.01851,0
crystallization_only,185,0.062403,0,0.028959,0,0.02578,0.024832,0
crystallization_only,186,0.145432,0,0.021934,0,0.01504,0.028574,0
crystallization_only,187,0.116938,0,-0.001793,0,-0.007439,0.01345,0
crystallization_only,188,0.175527,0,0.027377,0,0.018394,0.031925,0
crystallization_only,189,0.113129,0,0.01337,0,0.008122,0.021799,0
crystallization_only,190,0.128535,0,-0.022759,0,-0.02857,0.001787,0
crystallization_only,191,0.090068,0,-0.019627,0,-0.023508,-0.006402,0
crystallization_only,192,0.165962,0,-0.013439,0,-0.021489,0.001979,0
crystallization_only,193,0.166079,0,0.022494,0,0.013882,0.030146,0
crystallization_only,194,0.159952,0,-0.013405,0,-0.021047,-3.75e-4,0
crystallization_only,195,0.134122,0,0.01307,0,0.006796,0.020854,0
crystallization_only,196,0.125845,0,-0.002468,0,-0.008526,0.008639,0
crystallization_only,197,0.164227,0,-0.017154,0,-0.024387,0.004796,0
crystallization_only,198,0.119594,0,-0.004941,0,-0.010283,0.004312,0
crystallization_only,199,0.086247,0,0.001195,0,-0.002998,0.010249,0
crystallization_only,200,0.135492,0,0.002511,0,-0.004074,0.009385,0
convergence_only,1,0.499201,0.51,0.010916,0.005162,-0.013388,0.074496,0.080821
convergence_only,2,0.468446,0.51,-0.005781,2.29e-4,-0.026262,0.067248,0.091615
convergence_only,3,0.484087,0.51,0.007089,0.010714,-0.013858,0.086202,0.10086
convergence_only,4,0.459029,0.51,-0.007317,-0.007244,-0.026412,0.072676,0.091791
convergence_only,5,0.495919,0.51,0.027065,0.015975,0.003217,0.081791,0.083865
convergence_only,6,0.464234,0.51,-0.002396,-0.005396,-0.021209,0.06392,0.082661
convergence_only,7,0.526871,0.51,0.006768,0.003575,-0.020128,0.091878,0.087688
convergence_only,8,0.492451,0.51,-0.003796,7.51e-4,-0.027215,0.098188,0.116737
convergence_only,9,0.467546,0.51,-0.00285,8.64e-4,-0.023448,0.082869,0.106023
convergence_only,10,0.467982,0.51,0.015873,0.009557,-0.004435,0.079074,0.088621
convergence_only,11,0.507667,0.51,0.016834,-0.002832,-0.007222,0.076043,0.066998
convergence_only,12,0.482924,0.51,-0.00374,-0.005933,-0.024599,0.054652,0.060686
convergence_only,13,0.471342,0.51,0.010684,-0.003336,-0.009473,0.097517,0.096945
convergence_only,14,0.439681,0.51,-0.017824,-3.17e-4,-0.036622,0.043187,0.081114
convergence_only,15,0.436773,0.51,-0.002312,0.004115,-0.021549,0.070649,0.102262
convergence_only,16,0.455189,0.51,0.02008,0.007342,2.75e-4,0.096616,0.105768
convergence_only,17,0.471281,0.51,-0.019531,0.003485,-0.040943,0.071139,0.107944
convergence_only,18,0.464925,0.51,-0.003117,0.004888,-0.022774,0.087649,0.116631
convergence_only,19,0.472445,0.51,-0.004717,-0.009759,-0.025462,0.102477,0.113766
convergence_only,20,0.469339,0.51,0.018894,-0.009623,-0.00209,0.103264,0.099784
convergence_only,21,0.45769,0.51,-0.023932,-0.004036,-0.04374,0.069352,0.108421
convergence_only,22,0.451915,0.51,-0.022944,-8.1e-4,-0.043173,0.044476,0.085511
convergence_only,23,0.461943,0.51,-0.006466,-0.001849,-0.026592,0.059367,0.088425
convergence_only,24,0.469595,0.51,-0.021014,-0.024938,-0.04169,0.079275,0.098455
convergence_only,25,0.462417,0.51,-0.014355,1.91e-4,-0.035416,0.040595,0.070849
convergence_only,26,0.448183,0.51,-0.013729,-0.008303,-0.032559,0.034177,0.057736
convergence_only,27,0.471499,0.51,-0.030238,-0.015773,-0.051241,0.06685,0.09722
convergence_only,28,0.434986,0.51,0.018809,0.002721,0.001981,0.084301,0.093062
convergence_only,29,0.490419,0.51,-0.003961,-5.66e-4,-0.026162,0.074928,0.085979
convergence_only,30,0.440073,0.51,-0.008711,0.001122,-0.026106,0.051395,0.088013
convergence_only,31,0.446311,0.51,0.011474,0.010634,-0.007952,0.048774,0.07231
convergence_only,32,0.43212,0.51,-0.031073,0.005449,-0.048222,0.038963,0.100483
convergence_only,33,0.465534,0.51,-0.007385,-0.002397,-0.028214,0.043472,0.065517
convergence_only,34,0.467134,0.51,0.007881,-2.9e-5,-0.012317,0.09452,0.101901
convergence_only,35,0.484353,0.51,0.020507,-0.002697,-2.06e-4,0.101972,0.092779
convergence_only,36,0.512673,0.51,0.01781,0.003935,-0.004458,0.078511,0.074483
convergence_only,37,0.472514,0.51,-0.008683,-0.011648,-0.030567,0.089959,0.104195
convergence_only,38,0.433354,0.51,-0.018778,-0.015014,-0.036624,0.076293,0.107651
convergence_only,39,0.415404,0.51,-0.020681,-0.017629,-0.037705,0.050024,0.085512
convergence_only,40,0.445135,0.51,0.016595,0.02227,-0.002188,0.081976,0.115292
convergence_only,41,0.459526,0.51,0.017147,0.004466,-0.002972,0.088552,0.097708
convergence_only,42,0.465201,0.51,0.010638,0.010165,-0.010352,0.058941,0.069427
convergence_only,43,0.451793,0.51,-0.009864,0.007424,-0.028948,0.057856,0.095778
convergence_only,44,0.481348,0.51,0.012324,0.005218,-0.009402,0.065069,0.070916
convergence_only,45,0.466683,0.51,-3.9e-5,-0.007198,-0.021174,0.057053,0.06453
convergence_only,46,0.439272,0.51,-0.006096,0.001771,-0.027276,0.051676,0.084768
convergence_only,47,0.440597,0.51,-0.023385,-0.017653,-0.042851,0.054924,0.089688
convergence_only,48,0.441954,0.51,-0.012071,-0.013377,-0.031717,0.080175,0.114116
convergence_only,49,0.481913,0.51,0.017175,0.016761,-0.00407,0.073544,0.088711
convergence_only,50,0.490411,0.51,-0.031337,-0.013952,-0.051497,0.050761,0.08185
convergence_only,51,0.464358,0.51,-7.8e-4,0.013481,-0.021755,0.067675,0.09538
convergence_only,52,0.414698,0.51,-0.002507,-0.00389,-0.020209,0.048534,0.074352
convergence_only,53,0.502642,0.51,-0.003297,0.007852,-0.027224,0.064164,0.082921
convergence_only,54,0.497976,0.51,0.031056,0.008683,0.010223,0.114052,0.097971
convergence_only,55,0.438497,0.51,-6.88e-4,0.008992,-0.020469,0.054656,0.089441
convergence_only,56,0.46045,0.51,0.012054,0.009538,-0.009255,0.077983,0.08939
convergence_only,57,0.452461,0.51,-0.028641,-0.027095,-0.048525,0.081749,0.11256
convergence_only,58,0.499408,0.51,0.014996,8.31e-4,-0.008682,0.105047,0.102139
convergence_only,59,0.46669,0.51,-0.00311,0.011656,-0.023242,0.043021,0.076452
convergence_only,60,0.464895,0.51,0.009107,0.007929,-0.010379,0.058976,0.076132
convergence_only,61,0.455851,0.51,0.018772,0.003339,4e-4,0.082995,0.091407
convergence_only,62,0.46707,0.51,-0.010764,0.00284,-0.030653,0.058065,0.093657
convergence_only,63,0.478707,0.51,0.006961,0.007818,-0.014062,0.071613,0.090367
convergence_only,64,0.449737,0.51,0.001271,-0.013027,-0.019322,0.074718,0.087015
convergence_only,65,0.444805,0.51,-0.006388,-4.98e-4,-0.025372,0.062343,0.092615
convergence_only,66,0.473851,0.51,-2.04e-4,-0.001657,-0.019792,0.073753,0.092228
convergence_only,67,0.438181,0.51,0.014022,0.010664,-0.004116,0.077582,0.098503
convergence_only,68,0.45629,0.51,0.01525,-0.002162,-0.003262,0.074724,0.075221
convergence_only,69,0.490187,0.51,0.006488,0.009024,-0.01548,0.091815,0.109887
convergence_only,70,0.469499,0.51,0.010116,0.012143,-0.010268,0.049363,0.072059
convergence_only,71,0.486163,0.51,0.016096,0.006733,-0.005819,0.089466,0.096903
convergence_only,72,0.441003,0.51,-0.006041,-0.005997,-0.027583,0.063966,0.08566
convergence_only,73,0.462749,0.51,-0.013465,0.005658,-0.034109,0.04594,0.085433
convergence_only,74,0.470332,0.51,-0.007485,-0.02168,-0.028398,0.112687,0.120722
convergence_only,75,0.447788,0.51,0.011568,0.007664,-0.008771,0.077569,0.097355
convergence_only,76,0.462699,0.51,-0.005672,0.002032,-0.025872,0.045449,0.06399
convergence_only,77,0.44418,0.51,0.025366,0.016788,0.006062,0.080962,0.089545
convergence_only,78,0.438178,0.51,-0.019096,0.001776,-0.038355,0.051178,0.087052
convergence_only,79,0.470236,0.51,0.001517,-0.006134,-0.019193,0.072481,0.078214
convergence_only,80,0.45364,0.51,-0.024159,-0.002315,-0.043897,0.047979,0.086517
convergence_only,81,0.414147,0.51,-0.033378,-0.021173,-0.049099,0.054141,0.099117
convergence_only,82,0.427617,0.51,-0.004818,0.001026,-0.022911,0.051379,0.080469
convergence_only,83,0.473312,0.51,0.002704,0.00706,-0.018578,0.051082,0.074544
convergence_only,84,0.483604,0.51,0.010727,-0.005613,-0.011568,0.089124,0.094434
convergence_only,85,0.470367,0.51,8.56e-4,-0.007135,-0.01977,0.08158,0.094939
convergence_only,86,0.434346,0.51,0.013046,-0.005301,-0.005983,0.068899,0.069038
convergence_only,87,0.457376,0.51,-0.005415,-0.003318,-0.024914,0.075561,0.100534
convergence_only,88,0.471867,0.51,0.001451,-0.003308,-0.02044,0.074061,0.091522
convergence_only,89,0.435539,0.51,0.001844,0.012161,-0.016095,0.064221,0.101155
convergence_only,90,0.489611,0.51,-0.016537,-0.01027,-0.039222,0.039559,0.049389
convergence_only,91,0.448071,0.51,0.01618,0.004647,-0.003087,0.096897,0.110246
convergence_only,92,0.422551,0.51,-0.034676,-0.005541,-0.05271,0.03755,0.088744
convergence_only,93,0.462908,0.51,-0.046481,-0.022004,-0.066766,0.071843,0.112945
convergence_only,94,0.469899,0.51,0.003381,0.009113,-0.015875,0.079502,0.108022
convergence_only,95,0.471666,0.51,-0.007759,0.006438,-0.026392,0.045694,0.079134
convergence_only,96,0.450293,0.51,0.006223,0.004937,-0.012655,0.063826,0.085755
convergence_only,97,0.481821,0.51,0.020247,0.003458,-6.78e-4,0.10734,0.106059
convergence_only,98,0.420929,0.51,-0.002248,0.001795,-0.020952,0.059159,0.094076
convergence_only,99,0.446066,0.51,-0.004117,-0.020899,-0.022367,0.077481,0.090973
convergence_only,100,0.473206,0.51,-0.018321,-0.010221,-0.038709,0.067376,0.093442
convergence_only,101,0.46936,0.51,0.017923,0.011992,-0.003694,0.077529,0.09145
convergence_only,102,0.476453,0.51,-0.002543,0.010988,-0.022767,0.081421,0.112478
convergence_only,103,0.468334,0.51,0.01584,0.010252,-0.005135,0.047206,0.051932
convergence_only,104,0.451841,0.51,-0.001677,-0.003599,-0.021735,0.087118,0.114099
convergence_only,105,0.462609,0.51,-0.002715,-0.006335,-0.021881,0.089334,0.111804
convergence_only,106,0.480721,0.51,0.0069,0.013882,-0.014182,0.071409,0.097544
convergence_only,107,0.482424,0.51,0.01673,0.011725,-0.005536,0.08262,0.094597
convergence_only,108,0.474684,0.51,-0.022086,0.003543,-0.044249,0.06469,0.099592
convergence_only,109,0.458251,0.51,0.003862,0.006841,-0.016519,0.053503,0.075063
convergence_only,110,0.452635,0.51,0.010514,0.007837,-0.011342,0.072735,0.092316
convergence_only,111,0.484692,0.51,0.01016,-0.004969,-0.012089,0.06458,0.058753
convergence_only,112,0.458354,0.51,-0.013464,-0.017448,-0.035131,0.06843,0.087056
convergence_only,113,0.45774,0.51,-0.00294,0.004298,-0.02267,0.044927,0.06567
convergence_only,114,0.477104,0.51,-0.001516,-0.00457,-0.021729,0.072187,0.085944
convergence_only,115,0.458502,0.51,0.007606,-0.005115,-0.014294,0.064769,0.069343
convergence_only,116,0.465521,0.51,0.026988,0.011735,0.006753,0.070568,0.069724
convergence_only,117,0.472719,0.51,-0.007454,-0.00854,-0.02798,0.066151,0.072368
convergence_only,118,0.426779,0.51,-3.07e-4,-0.017154,-0.018121,0.086614,0.105735
convergence_only,119,0.474982,0.51,0.008599,-0.002445,-0.013219,0.105645,0.115812
convergence_only,120,0.45318,0.51,0.022218,0.005569,0.002409,0.105624,0.115082
convergence_only,121,0.475404,0.51,-0.013225,-0.001375,-0.034913,0.053703,0.083071999999999993
convergence_only,122,0.46619,0.51,0.006491,-0.003144,-0.013672,0.069568,0.074972
convergence_only,123,0.469502,0.51,-6.92e-4,-0.010284,-0.020874,0.078198,0.083188
convergence_only,124,0.432917,0.51,0.015954,0.016599,-0.003373,0.090468,0.118012
convergence_only,125,0.468801,0.51,0.004828,0.008309,-0.013408,0.080894,0.104816
convergence_only,126,0.490143,0.51,-0.006446,-0.005768,-0.028844,0.061697,0.073955
convergence_only,127,0.465011,0.51,-0.018318,-0.0025959999999999998,-0.036702,0.081221,0.120615
convergence_only,128,0.448273,0.51,0.019284,0.00852,1.56e-4,0.072817,0.084677
convergence_only,129,0.468526,0.51,-0.024705,-0.02236,-0.045441,0.055999,0.072622
convergence_only,130,0.489356,0.51,0.007447,0.013595,-0.012827,0.080415,0.093269
convergence_only,131,0.456983,0.51,0.014361,-6.77e-4,-0.006111,0.057625,0.059048
convergence_only,132,0.479291,0.51,-0.001037,0.004978,-0.022936,0.089203,0.112068
convergence_only,133,0.472078,0.51,0.016652,0.008365,-0.003105,0.086517,0.091647
convergence_only,134,0.44185,0.51,0.001371,-0.002275,-0.016871,0.073239,0.097243
convergence_only,135,0.456529,0.51,0.004345,-0.001244,-0.014578,0.091985,0.113097
convergence_only,136,0.453108,0.51,-0.018187,-0.0085,-0.038238,0.087192,0.119562
convergence_only,137,0.472369,0.51,-0.006411,-0.004431,-0.027519,0.077814,0.096655
convergence_only,138,0.481152,0.51,-0.003022,0.001166,-0.025846,0.078666,0.103362
convergence_only,139,0.462677,0.51,0.009486,7.62e-4,-0.01054,0.062411,0.064372
convergence_only,140,0.450371,0.51,0.018996,0.006674,-0.00351,0.083119,0.097897
convergence_only,141,0.458,0.51,-0.009503,-0.009056,-0.029593,0.063284000000000007,0.08609
convergence_only,142,0.487411,0.51,0.024726,0.005656,0.002375,0.097829,0.093051
convergence_only,143,0.487782,0.51,-0.030765,-0.009097,-0.05196,0.059326,0.0897
convergence_only,144,0.442405,0.51,-0.006911,-0.001678,-0.025371,0.093768,0.128512
convergence_only,145,0.486051,0.51,0.015811,0.014163,-0.006082,0.060008,0.077078
convergence_only,146,0.489974,0.51,5.68e-4,-0.002939,-0.02087,0.06875,0.0811
convergence_only,147,0.473976,0.51,-0.013552,-0.011908,-0.034871,0.059207,0.075537000000000007
convergence_only,148,0.457109,0.51,-0.006497,0.003474,-0.026209,0.057201,0.081775
convergence_only,149,0.463959,0.51,-4.05e-4,0.003408,-0.020485,0.062487,0.081801
convergence_only,150,0.492665,0.51,-0.019562,-0.011596,-0.039598,0.089449,0.113126
convergence_only,151,0.439893,0.51,-0.015455,-0.015951,-0.03544,0.077788,0.106596
convergence_only,152,0.435037,0.51,-0.014277,-0.003244,-0.034014,0.054616,0.086197
convergence_only,153,0.47393,0.51,-0.008627,-0.014113,-0.029893,0.058629,0.068676
convergence_only,154,0.50117,0.51,-0.024145,-0.002956,-0.045625,0.083559,0.111543
convergence_only,155,0.482227,0.51,0.005733,0.007504,-0.017549,0.053367,0.072291
convergence_only,156,0.413182,0.51,-0.014518,0.006476,-0.029861,0.042741,0.092234
convergence_only,157,0.443222,0.51,-0.017813,-0.005402,-0.037381,0.078746,0.112281
convergence_only,158,0.489201,0.51,0.013369,0.005777,-0.006525,0.086403,0.088193
convergence_only,159,0.468363,0.51,0.016595,0.011726,-0.004725,0.051818,0.060714
convergence_only,160,0.465086,0.51,0.007654,0.014623,-0.014381,0.081865,0.10821
convergence_only,161,0.47775,0.51,-0.001316,9.83e-4,-0.023204,0.085791,0.103498
convergence_only,162,0.45694,0.51,0.017653,0.008149,-0.003049,0.077612,0.084756
convergence_only,163,0.445869,0.51,0.004983,-0.003455,-0.014834,0.057891,0.073213
convergence_only,164,0.46301,0.51,-0.026136,0.002409,-0.046412,0.039305,0.088016
convergence_only,165,0.478027,0.51,0.028134,0.011173,0.006818,0.062335,0.05774
convergence_only,166,0.451053,0.51,0.017345,0.007816,-0.002764,0.054551,0.060209
convergence_only,167,0.440724,0.51,-0.005813,0.007014,-0.025679,0.038218,0.07286
convergence_only,168,0.436877,0.51,-0.033632,-0.013263,-0.051558,0.036436,0.077187
convergence_only,169,0.464818,0.51,0.006944,0.002315,-0.012271,0.099528,0.111249
convergence_only,170,0.475292,0.51,0.038191,0.003575,0.016912,0.110454,0.086015
convergence_only,171,0.457013,0.51,-0.01094,-0.0071590000000000004,-0.031479,0.064732,0.09106
convergence_only,172,0.457976,0.51,-0.012239,-0.004214,-0.031241,0.075454,0.112606
convergence_only,173,0.447424,0.51,-0.024245,-0.006989,-0.043047,0.071794,0.117077
convergence_only,174,0.445657,0.51,-0.00973,-0.007026,-0.030011,0.069867,0.09527
convergence_only,175,0.432586,0.51,-0.007941,-0.003429,-0.025368,0.040209,0.067355
convergence_only,176,0.457227,0.51,0.013205,0.002933,-0.006805,0.087224,0.103296
convergence_only,177,0.43997000000000003,0.51,-0.003723,0.008109,-0.023602,0.065943,0.103319
convergence_only,178,0.462461,0.51,-0.006612,0.004473,-0.0269,0.070146,0.098337
convergence_only,179,0.463024,0.51,0.008999,0.007242,-0.010199,0.073475,0.095578
convergence_only,180,0.49444,0.51,0.015288,0.008837,-0.006036,0.056388,0.056485
convergence_only,181,0.473856,0.51,-0.027933,-0.012312,-0.048596,0.054272,0.07954
convergence_only,182,0.472287,0.51,-0.006339,0.016211,-0.025714,0.079637,0.124756
convergence_only,183,0.476231,0.51,-0.001625,1.56e-4,-0.023306,0.061369,0.078883
convergence_only,184,0.487071,0.51,0.005954,0.001456,-0.016311,0.070598,0.078192
convergence_only,185,0.423818,0.51,0.005836,-0.006423,-0.014383,0.068994,0.094818
convergence_only,186,0.458282,0.51,0.043711,0.021757,0.023973,0.109328,0.110144
convergence_only,187,0.462953,0.51,-0.006264,-0.00674,-0.026869,0.085721,0.105238
convergence_only,188,0.492357,0.51,0.036618,0.011155,0.013773,0.095778,0.082399
convergence_only,189,0.432528,0.51,-0.011153,-0.016182,-0.029556,0.059915,0.086718
convergence_only,190,0.458998,0.51,-0.025531,-0.003607,-0.044497,0.072323,0.114266
convergence_only,191,0.424338,0.51,-0.017853,-0.00352,-0.034695,0.046343,0.084897
convergence_only,192,0.479435,0.51,-0.005854,0.008535,-0.027015,0.053596,0.084407
convergence_only,193,0.483742,0.51,0.023979,4.14e-4,0.001113,0.092852,0.085793
convergence_only,194,0.471526,0.51,0.005549,0.013439,-0.014917,0.059329,0.077965
convergence_only,195,0.452212,0.51,0.002374,-0.007361,-0.016987,0.059794,0.069705
convergence_only,196,0.459206,0.51,0.004046,-0.003514,-0.016259,0.06598,0.067882
convergence_only,197,0.479513,0.51,-0.02437,-0.005607,-0.043565,0.056311,0.09202
convergence_only,198,0.45636,0.51,0.010037,0.006291,-0.008703,0.066178,0.07287
convergence_only,199,0.425061,0.51,0.003664,-0.003551,-0.015445,0.075845,0.09758
convergence_only,200,0.471405,0.509999,0.027485,0.016105,0.006431,0.078447,0.072661
divergence_only,1,0.045575,0,0.216808,0.213036,0.214589,0.139617,0.137332
divergence_only,2,0.003689,0,0.228125,0.237152,0.227963,0.142427,0.153827
divergence_only,3,0.025569,-0,0.255789,0.255251,0.254683,0.162646,0.16911
divergence_only,4,-0.005629,-0,0.235022,0.231569,0.235256,0.145028,0.15308
divergence_only,5,0.048421,-0,0.222152,0.210603,0.219823,0.148884,0.144085
divergence_only,6,0.005308,-0,0.187797,0.18825,0.187582,0.131727,0.139117
divergence_only,7,0.088503,-0,0.251895,0.243296,0.247378,0.154832,0.147031
divergence_only,8,0.04699,0,0.350962,0.358728,0.348728,0.185257,0.190426
divergence_only,9,0.006596,0,0.285422,0.288645,0.285132,0.16349,0.174056
divergence_only,10,0.010817,-0,0.219952,0.209615,0.219483,0.147161,0.149708
divergence_only,11,0.074453,0,0.183245,0.161357,0.179717,0.131219,0.11626
divergence_only,12,0.027663,0,0.141161,0.136094,0.139966,0.104102,0.105337
divergence_only,13,0.00537,-0,0.284133,0.256918,0.283903,0.167419,0.162085
divergence_only,14,-0.035013,-0,0.175566,0.195356,0.177063,0.110578,0.137904
divergence_only,15,-0.042613,0,0.268428,0.275792,0.270305,0.14843,0.169572
divergence_only,16,-0.016565,0,0.301264,0.282824,0.301985,0.172814,0.174961
divergence_only,17,0.007849,0,0.279826,0.304443,0.279469,0.154581,0.177821
divergence_only,18,-8.01e-4,-0,0.314255,0.325152,0.314289,0.176668,0.190716
divergence_only,19,0.010353,-0,0.360138,0.345143,0.359684,0.182477,0.184666
divergence_only,20,0.012652,0,0.313281,0.27702,0.312716,0.177388,0.164558
divergence_only,21,-0.013081,-0,0.283736,0.308938,0.284303,0.153528,0.178773
divergence_only,22,-0.023564,0,0.19094,0.221847,0.191995,0.11481,0.143719
divergence_only,23,-0.003622,0,0.206645,0.221238,0.206803,0.132455,0.147145
divergence_only,24,0.013379,-0,0.287722,0.2839,0.287133,0.157112,0.160934
divergence_only,25,1.87e-4,0,0.151629,0.169844,0.15162,0.100708,0.120565
divergence_only,26,-0.039335,0,0.123087,0.135423,0.12474,0.085371,0.100084
divergence_only,27,0.015401,-0,0.256391,0.271962,0.255705,0.144019,0.160809
divergence_only,28,-0.03386,-0,0.232849,0.210072,0.234159,0.156463,0.156338
divergence_only,29,0.035471,-0,0.220916,0.21983,0.21931,0.140802,0.14395
divergence_only,30,-0.035035,-0,0.184909,0.201624,0.186294,0.125174,0.147802
divergence_only,31,-0.019499,0,0.152818,0.158667,0.153667,0.110591,0.125261
divergence_only,32,-0.045226,-0,0.197607,0.242328,0.199402,0.121648,0.167809
divergence_only,33,0.007195,0,0.139654,0.148939,0.139332,0.097863,0.112728
divergence_only,34,-0.001177,0,0.289527,0.272999,0.289578,0.16611,0.16855
divergence_only,35,0.038474,0,0.258879,0.226168,0.257234,0.168528,0.155133
divergence_only,36,0.066485,0,0.184798,0.173208,0.18191,0.141327,0.128349
divergence_only,37,0.011275,0,0.321021,0.313185,0.320499,0.166334,0.170461
divergence_only,38,-0.057911,0,0.313838,0.315128,0.316223,0.156304,0.174904
divergence_only,39,-0.08617,0,0.21878,0.228594,0.222311,0.121098,0.143012
divergence_only,40,-0.021014,0,0.274019,0.281258,0.274906,0.169418,0.191523
divergence_only,41,-0.012173,-0,0.269353,0.252316,0.269886,0.161816,0.162986
divergence_only,42,-0.009264,0,0.16716,0.164922,0.167578,0.114168,0.120268
divergence_only,43,-0.025155,-0,0.217351,0.240008,0.218414,0.135516,0.160857
divergence_only,44,0.022651,0,0.171335,0.164766,0.170313,0.121077,0.122329
divergence_only,45,0.005939,0,0.162701,0.152427,0.162432,0.109383,0.110185
divergence_only,46,-0.026021,-0,0.208835,0.219394,0.21009,0.120409,0.142805
divergence_only,47,-0.045367,-0,0.23452,0.249907,0.236524,0.12793,0.148167
divergence_only,48,-0.029443,-0,0.344361,0.348634,0.34567,0.16978,0.184728
divergence_only,49,0.032051,0,0.20398,0.203394,0.202567,0.144294,0.152058
divergence_only,50,0.056243,-0,0.165182,0.186294,0.16287,0.119782,0.136544
divergence_only,51,-0.009111,-0,0.234145,0.249974,0.234556,0.141488,0.160422
divergence_only,52,-0.065251,0,0.172455,0.169425,0.17524,0.108063,0.125992
divergence_only,53,0.054233,0,0.194778,0.210892,0.192196,0.129665,0.140512
divergence_only,54,0.054229,0,0.270371,0.233977,0.268102,0.184176,0.165557
divergence_only,55,-0.031254,-0,0.209032,0.221467,0.210442,0.128221,0.151711
divergence_only,56,-0.014782,-0,0.242066,0.232408,0.24275,0.143181,0.150272
divergence_only,57,-0.005804,-0,0.35557,0.357622,0.355825,0.170119,0.180932
divergence_only,58,0.058809,-0,0.311086,0.289361,0.308298,0.180218,0.168928
divergence_only,59,0.011055,0,0.142371,0.166458,0.141894,0.105168,0.1316
divergence_only,60,-0.007359,0,0.166932,0.171338,0.16724,0.121484,0.130738
divergence_only,61,-0.001283,-0,0.22141,0.20481,0.221462,0.154199,0.153606
divergence_only,62,8.22e-4,-0,0.211521,0.236931,0.211486,0.137226,0.157486
divergence_only,63,0.031703,-0,0.210049,0.211892,0.208657,0.143311,0.152466
divergence_only,64,-0.024427,0,0.253779,0.238017,0.254897,0.142111,0.14494
divergence_only,65,-0.032602,0,0.226606,0.235225,0.227997,0.136843,0.154816
divergence_only,66,0.021305,0,0.218197,0.220402,0.217316,0.147865,0.155068
divergence_only,67,-0.03487,-0,0.240905,0.233924,0.242349,0.152175,0.16484
divergence_only,68,-0.008468,-0,0.188071,0.16741,0.188414,0.134275,0.128191
divergence_only,69,0.040807,0,0.291624,0.29811,0.289796,0.17617,0.18189
divergence_only,70,0.003382,0,0.148858,0.162487,0.148711,0.1116,0.12588
divergence_only,71,0.042265,-0,0.250984,0.238476,0.249079,0.161918,0.161358
divergence_only,72,-0.031732,0,0.247576,0.241165,0.249127,0.1309,0.143984
divergence_only,73,0.003529,-0,0.179896,0.207204,0.179738,0.118185,0.144742
divergence_only,74,-0.00359,-0,0.446945,0.422766,0.447105,0.196086,0.19338
divergence_only,75,-0.034686,-0,0.267732,0.264198,0.269307,0.152734,0.162131
divergence_only,76,-0.007805,0,0.138624,0.145562,0.138965,0.097138,0.110088
divergence_only,77,-0.035789,0,0.228726,0.212586,0.230281,0.146071,0.152383
divergence_only,78,-0.047851,0,0.207358,0.224487,0.209461,0.118551,0.146038
divergence_only,79,0.00257,-0,0.208537,0.195762,0.208424,0.132748,0.131675
divergence_only,80,-0.012446,-0,0.193569,0.215713,0.19411,0.118899,0.145326
divergence_only,81,-0.082821,-0,0.251947,0.2658,0.25509,0.133105,0.163313
divergence_only,82,-0.059861,-0,0.187069,0.194204,0.189601,0.116524,0.1369
divergence_only,83,0.013711,0,0.162287,0.173606,0.161671,0.114497,0.127306
divergence_only,84,0.03735,-0,0.268696,0.251778,0.266974,0.163394,0.157184
divergence_only,85,0.005081,-0,0.262137,0.256478,0.261914,0.156368,0.158599
divergence_only,86,-0.052263,0,0.196443,0.169196,0.198732,0.121906,0.118022
divergence_only,87,-0.01473,0,0.267831,0.273184,0.268459,0.155967,0.166414
divergence_only,88,0.010521,0,0.249178,0.251318,0.24869,0.148475,0.153876
divergence_only,89,-0.046323,0,0.231889,0.248257,0.233797,0.144766,0.169642
divergence_only,90,0.03786,-0,0.109699,0.112503,0.107945,0.079675,0.084532
divergence_only,91,-0.024549,0,0.324473,0.303441,0.325529,0.178164,0.183559
divergence_only,92,-0.068398,0,0.197757,0.22861,0.200676,0.10899,0.148049
divergence_only,93,0.005718,-0,0.3249,0.353366,0.324649,0.159246,0.18295
divergence_only,94,0.020476,0,0.249467,0.258335,0.248628,0.164689,0.179588
divergence_only,95,0.010982,0,0.146759,0.169343,0.146325,0.113789,0.135913
divergence_only,96,-0.026966,-0,0.202509,0.206798,0.203639,0.134709,0.145314
divergence_only,97,0.011845,0,0.316057,0.294432,0.315543,0.184166,0.17574
divergence_only,98,-0.05137,0,0.236509,0.239542,0.238792,0.135189,0.157449
divergence_only,99,-0.026917,0,0.254476,0.237996,0.255578,0.149716,0.15017
divergence_only,100,0.022734,0,0.226675,0.238339,0.225696,0.140734,0.154932
divergence_only,101,0.008568,0,0.239997,0.233173,0.239602,0.1518,0.156264
divergence_only,102,0.02633,0,0.269012,0.284268,0.267924,0.167251,0.185857
divergence_only,103,0.006623,0,0.118237,0.111477,0.11794,0.091068,0.092371
divergence_only,104,-0.018746,0,0.341095,0.342976,0.341927,0.175945,0.186528
divergence_only,105,0.002905,-0,0.308735,0.308483,0.308615,0.176313,0.181956
divergence_only,106,0.027041,-0,0.22441,0.238348,0.223224,0.150985,0.164055
divergence_only,107,0.029491,-0,0.24419,0.238462,0.242829,0.155886,0.158502
divergence_only,108,0.015828,0,0.245398,0.271558,0.244646,0.139639,0.165207
divergence_only,109,-0.007787,0,0.166232,0.172709,0.166578,0.113615,0.128127
divergence_only,110,-0.02059,-0,0.254169,0.252007,0.255163,0.143536,0.154672
divergence_only,111,0.030489,0,0.155379,0.135269,0.153979,0.110185,0.100263
divergence_only,112,-0.002762,0,0.249119,0.246012,0.249249,0.136683,0.144439
divergence_only,113,-0.007766,0,0.137669,0.144849,0.138004,0.098627,0.113031
divergence_only,114,0.027724,0,0.204621,0.201785,0.203446,0.138887,0.14375
divergence_only,115,-0.005026,0,0.191024,0.171822,0.191264,0.118154,0.117798
divergence_only,116,-0.002011,0,0.174532,0.15734,0.174619,0.128001,0.122779
divergence_only,117,0.014745,0,0.186635,0.175946,0.185995,0.122748,0.124656
divergence_only,118,-0.051331,0,0.328494,0.303359,0.330637,0.167026,0.173076
divergence_only,119,0.013134,0,0.37306,0.357183,0.372457,0.190103,0.188898
divergence_only,120,-0.013477,-0,0.349426,0.322845,0.350015,0.187662,0.188337
divergence_only,121,0.011743,-0,0.193525,0.213549,0.19299,0.123335,0.140068
divergence_only,122,-0.001161,-0,0.19319,0.180424,0.193241,0.129138,0.127215
divergence_only,123,0.010972,0,0.224186,0.205364,0.223715,0.141419,0.139308
divergence_only,124,-0.048437,0,0.343048,0.335531,0.345211,0.176852,0.19405
divergence_only,125,0.02268,-0,0.236205,0.238956,0.235322,0.165015,0.176509
divergence_only,126,0.041793,0,0.177877,0.179709,0.175968,0.120821,0.125457
divergence_only,127,0.003638,-0,0.305081,0.330199,0.304937,0.175182,0.195716
divergence_only,128,-0.025806,-0,0.21138,0.201839,0.212481,0.141498,0.144276
divergence_only,129,0.006832,-0,0.186183,0.18566,0.185881,0.114971,0.121609
divergence_only,130,0.041704,0,0.210196,0.210624,0.208468,0.150228,0.15772
divergence_only,131,-0.007855,0,0.151314,0.134151,0.151666,0.107007,0.102237
divergence_only,132,0.019473,0,0.315665,0.325938,0.314776,0.174497,0.184216
divergence_only,133,0.013985,0,0.22653,0.211794,0.225945,0.15351,0.153676
divergence_only,134,-0.030429,-0,0.245646,0.242199,0.246902,0.149533,0.161408
divergence_only,135,-0.004987,-0,0.309868,0.304404,0.310075,0.177277,0.184615
divergence_only,136,-0.023676,-0,0.372398,0.383632,0.373445,0.175106,0.192963
divergence_only,137,0.010758,0,0.26138,0.261929,0.2609,0.152728,0.160414
divergence_only,138,0.043964,0,0.274854,0.281674,0.272768,0.161228,0.170857
divergence_only,139,-0.01224,0,0.163629,0.149365,0.164159,0.113935,0.110666
divergence_only,140,-0.030634,-0,0.305395,0.295968,0.306925,0.159081,0.164106
divergence_only,141,-0.001875,0,0.215351,0.21891,0.215433,0.132848,0.143313
divergence_only,142,0.040793,0,0.264516,0.237902,0.262645,0.16712,0.156748
divergence_only,143,0.02966,-0,0.209642,0.234751,0.208353,0.131537,0.149571
divergence_only,144,-0.034812,-0,0.395909,0.402992,0.397362,0.189315,0.206858
divergence_only,145,0.03601,0,0.168285,0.173123,0.166663,0.124781,0.132387
divergence_only,146,0.040429,-0,0.195504,0.195268,0.193735,0.136001,0.136617
divergence_only,147,0.003357,-0,0.192068,0.19584,0.191917,0.120224,0.126892
divergence_only,148,-0.014922,-0,0.189697,0.198521,0.190341,0.122632,0.139445
divergence_only,149,-0.013997,-0,0.196259,0.201429,0.196865,0.127781,0.137979
divergence_only,150,0.047941,-0,0.299337,0.317739,0.297387,0.179218,0.184589
divergence_only,151,-0.048559,-0,0.334539,0.336121,0.336745,0.158008,0.173185
divergence_only,152,-0.048649,-0,0.223492,0.232814,0.225699,0.12396,0.145131
divergence_only,153,0.010053,0,0.178253,0.171973,0.177802,0.116309,0.116432
divergence_only,154,0.060136,0,0.278148,0.302355,0.275571,0.168054,0.182976
divergence_only,155,0.037867,0,0.160867,0.169857,0.159039,0.110993,0.123522
divergence_only,156,-0.069338,-0,0.176672,0.19976,0.179246,0.118378,0.156464
divergence_only,157,-0.043643,0,0.334561,0.343287,0.336488,0.160861,0.183017
divergence_only,158,0.041038,-0,0.210919,0.195786,0.20925,0.153743,0.149271
divergence_only,159,0.007863,0,0.136323,0.132219,0.135965,0.101054,0.105404
divergence_only,160,-0.006683,-0,0.303662,0.314689,0.303979,0.166376,0.180353
divergence_only,161,0.010744,0,0.29358,0.294764,0.293122,0.16408,0.171494
divergence_only,162,-0.015258,0,0.229454,0.212439,0.230146,0.142567,0.144224
divergence_only,163,-0.019192,-0,0.180793,0.172927,0.181646,0.118405,0.124255
divergence_only,164,0.00283,0,0.17586,0.214941,0.175737,0.114306,0.147805
divergence_only,165,0.02793,0,0.140139,0.120104,0.138893,0.110137,0.100346
divergence_only,166,-0.02886,-0,0.147338,0.136698,0.148624,0.104504,0.105482
divergence_only,167,-0.038113,0,0.152897,0.171596,0.154615,0.100039,0.124487
divergence_only,168,-0.041177,-0,0.163033,0.184575,0.164722,0.100533,0.129432
divergence_only,169,-0.001666,-0,0.31574,0.300395,0.315809,0.179413,0.182946
divergence_only,170,0.020555,0,0.269104,0.2102,0.268184,0.168531,0.145462
divergence_only,171,-0.00754,0,0.235656,0.240279,0.235995,0.137902,0.151348
divergence_only,172,-4.53e-4,0,0.285732,0.302781,0.285751,0.166196,0.184486
divergence_only,173,-0.025406,-0,0.314009,0.340595,0.315076,0.163577,0.18997
divergence_only,174,-0.029643,0,0.264939,0.264561,0.266287,0.142449,0.157362
divergence_only,175,-0.052088,0,0.141501,0.149675,0.1436,0.098595,0.115764
divergence_only,176,-0.009307,0,0.284746,0.274914,0.285153,0.167433,0.170899
divergence_only,177,-0.03656,-3e-6,0.265517,0.282713,0.267169,0.147608,0.171106
divergence_only,178,0.002466,-0,0.241467,0.249601,0.241359,0.145934,0.162997
divergence_only,179,-9.71e-4,-0,0.225115,0.229012,0.225155,0.151826,0.16172
divergence_only,180,0.035879,0,0.128492,0.121433,0.126945,0.103692,0.098561
divergence_only,181,0.011064,0,0.189919,0.204567,0.189437,0.118855,0.13492
divergence_only,182,0.024828,-0,0.284256,0.315737,0.283227,0.17679,0.204069
divergence_only,183,0.019529,-0,0.191752,0.196501,0.190863,0.126315,0.134778
divergence_only,184,0.036154,0,0.194489,0.190657,0.192836,0.131218,0.132796
divergence_only,185,-0.072911,-3e-6,0.288083,0.285991,0.291562,0.146369,0.157145
divergence_only,186,-0.005955,0,0.302956,0.273808,0.303212,0.189092,0.183838
divergence_only,187,-0.012039,-0,0.310245,0.308089,0.310781,0.164264,0.172778
divergence_only,188,0.041301,0,0.234471,0.200333,0.232555,0.158311,0.141359
divergence_only,189,-0.045539,0,0.22622,0.226133,0.228158,0.131232,0.144595
divergence_only,190,-0.010894,0,0.295249,0.325431,0.295699,0.161708,0.186919
divergence_only,191,-0.064104,-0,0.186754,0.200956,0.189298,0.11593,0.143917
divergence_only,192,0.027431,0,0.177805,0.198631,0.176594,0.123896,0.14325
divergence_only,193,0.031241,0,0.254386,0.223099,0.252909,0.157353,0.143965
divergence_only,194,0.016717,0,0.169074,0.175967,0.168349,0.121238,0.135186
divergence_only,195,-0.014693,0,0.172253,0.161353,0.172882,0.116417,0.11857
divergence_only,196,-0.011538,0,0.17856,0.160316,0.17907,0.116187,0.115584
divergence_only,197,0.02615,0,0.192811,0.219551,0.191765,0.132841,0.154325
divergence_only,198,-0.016189,0,0.173609,0.160895,0.174273,0.123465,0.125666
divergence_only,199,-0.064274,-0,0.289508,0.274975,0.292397,0.149808,0.16199
divergence_only,200,0.00739,0,0.190043,0.167917,0.189713,0.132935,0.127367
all_three,1,0.578954,0.51,0.232201,0.220314,0.201558,0.302573,0.28868
all_three,2,0.561983,0.51,0.236218,0.239148,0.209584,0.314993,0.313726
all_three,3,0.575236,0.51,0.266579,0.272657,0.239292,0.342058,0.341026
all_three,4,0.561003,0.51,0.221054,0.222111,0.195668,0.310774,0.308894
all_three,5,0.585959,0.51,0.253299,0.236802,0.222349,0.32092,0.306596
all_three,6,0.573337,0.51,0.187348,0.18101,0.161659,0.293518,0.287436
all_three,7,0.601397,0.51,0.242786,0.244213,0.20897,0.314917,0.300996
all_three,8,0.587948,0.51,0.350634,0.358534,0.319804,0.373421,0.363145
all_three,9,0.56935500000000006,0.51,0.279848,0.283839,0.252343,0.341499,0.339018
all_three,10,0.568949,0.51,0.227744,0.22176,0.200837,0.313321,0.309554
all_three,11,0.602791,0.51,0.190302,0.164594,0.15854,0.281233,0.255642
all_three,12,0.579147,0.51,0.132171,0.133131,0.104611,0.236528,0.233616
all_three,13,0.564295,0.51,0.266547,0.256963,0.240265,0.336669,0.326252
all_three,14,0.549913,0.51,0.175058,0.197948,0.149479,0.267144,0.289677
all_three,15,0.54608,0.51,0.268331,0.279609,0.242181,0.323769,0.336218
all_three,16,0.557392,0.51,0.301719,0.290281,0.275243,0.352087,0.344641
all_three,17,0.567124,0.51,0.278066,0.306964,0.249944,0.333678,0.347209
all_three,18,0.564111,0.51,0.323208,0.330578,0.297142,0.367159,0.365234
all_three,19,0.569031,0.51,0.326698,0.327725,0.299351,0.359016,0.350425
all_three,20,0.574396,0.51,0.296128,0.26223,0.267844,0.3519,0.323973
all_three,21,0.557236,0.51,0.280655,0.30716,0.254426,0.335568,0.348516
all_three,22,0.551574,0.51,0.192473,0.219272,0.165678,0.275424,0.295683
all_three,23,0.563518,0.51,0.213806,0.212631,0.186974,0.299259,0.297604
all_three,24,0.575383,0.51,0.25442,0.246849,0.22649,0.327531,0.312626
all_three,25,0.562511,0.51,0.152139,0.167929,0.124335,0.24319,0.256899
all_three,26,0.535018,0.51,0.124924,0.128514,0.10094499999999999,0.215926,0.222352
all_three,27,0.575601,0.51,0.233356,0.252541,0.205115,0.314303,0.318328
all_three,28,0.556389,0.51,0.235461,0.21533,0.211795,0.329974,0.318664
all_three,29,0.57671,0.51,0.207085,0.215078,0.178619,0.297013,0.294475
all_three,30,0.550252,0.51,0.194533,0.201951,0.170828,0.293215,0.302943
all_three,31,0.563527,0.51,0.183304,0.175986,0.156253,0.267396,0.273491
all_three,32,0.54583,0.51,0.203891,0.251461,0.180326,0.29717,0.33653
all_three,33,0.572365,0.51,0.141265,0.147655,0.113094,0.235812,0.245505
all_three,34,0.561605,0.51,0.270722,0.270815,0.244293,0.335569,0.332972
all_three,35,0.58822,0.51,0.245686,0.223344,0.217776,0.33635,0.314029
all_three,36,0.590129,0.51,0.206965,0.183243,0.178871,0.305324,0.277091
all_three,37,0.568396,0.51,0.290005,0.292357,0.261285,0.336709,0.330331
all_three,38,0.535596,0.51,0.279743,0.288317,0.255868,0.327574,0.334291
all_three,39,0.5184,0.51,0.20614,0.207498,0.18342,0.282585,0.291292
all_three,40,0.562315,0.51,0.307391,0.313302,0.281268,0.364742,0.376177
all_three,41,0.559456,0.51,0.273595,0.257589,0.246839,0.336835,0.327458
all_three,42,0.550638,0.51,0.179573,0.180789,0.152924,0.25991,0.263569
all_three,43,0.549204,0.51,0.232215,0.251575,0.207119,0.310969,0.326958
all_three,44,0.574541,0.51,0.182993,0.174539,0.154586,0.270833,0.265811
all_three,45,0.571209,0.51,0.151262,0.142633,0.122782,0.24386,0.237455
all_three,46,0.561758,0.51,0.213871,0.220288,0.184033,0.281439,0.295134
all_three,47,0.542332,0.51,0.219749,0.221759,0.193762,0.291419,0.295403
all_three,48,0.558178,0.51,0.336339,0.325763,0.309041,0.358453,0.348884
all_three,49,0.584341,0.51,0.232909,0.231265,0.204392,0.319734,0.320642
all_three,50,0.601353,0.51,0.146026,0.16569,0.11828,0.275446,0.278475
all_three,51,0.552149,0.51,0.24551,0.267838,0.21868,0.311838,0.327245
all_three,52,0.545856,0.51,0.165405,0.163196,0.139762,0.253589,0.265541
all_three,53,0.585139,0.51,0.203716,0.220052,0.173279,0.289289,0.29367
all_three,54,0.589846,0.51,0.273046,0.252774,0.24586,0.361001,0.338127
all_three,55,0.557332,0.51,0.227899,0.236731,0.200277,0.299539,0.314894
all_three,56,0.554508,0.51,0.238051,0.241829,0.210199,0.303028,0.30841
all_three,57,0.569611,0.51,0.315778,0.314065,0.288155,0.350159,0.338184
all_three,58,0.590814,0.51,0.301487,0.287892,0.270709,0.355464,0.33365
all_three,59,0.57759,0.51,0.163491,0.18378,0.135847,0.261008,0.283431
all_three,60,0.558121,0.51,0.187963,0.183984,0.162532,0.280297,0.280584
all_three,61,0.572225,0.51,0.229696,0.209672,0.204197,0.326852,0.31394
all_three,62,0.560517,0.51,0.23189,0.24384,0.206028,0.315629,0.321114
all_three,63,0.586036,0.51,0.22394,0.22279,0.195392,0.315071,0.313929
all_three,64,0.55545,0.51,0.2373,0.218768,0.209511,0.30362,0.293396
all_three,65,0.549948,0.51,0.229558,0.233931,0.204014,0.307016,0.313511
all_three,66,0.579535,0.51,0.225725,0.222046,0.199248,0.323592,0.316385
all_three,67,0.552698,0.51,0.248448,0.247379,0.223439,0.326261,0.332718
all_three,68,0.564803,0.51,0.186741,0.16621,0.161553,0.287514,0.272098
all_three,69,0.584373,0.51,0.309522,0.311761,0.280679,0.365631,0.356814
all_three,70,0.562222,0.51,0.186038,0.185419,0.159556,0.272497,0.277987
all_three,71,0.591854,0.51,0.255388,0.243599,0.225666,0.335719,0.323985
all_three,72,0.552901,0.51,0.231411,0.23401,0.201955,0.289233,0.295925
all_three,73,0.569346,0.51,0.195817,0.215768,0.167957,0.284508,0.301362
all_three,74,0.554632,0.51,0.400507,0.387887,0.37392,0.372997,0.356997
all_three,75,0.542552,0.51,0.278104,0.270527,0.251581,0.326726,0.325423
all_three,76,0.558178,0.51,0.135186,0.147786,0.108702,0.229301,0.240352
all_three,77,0.547585,0.51,0.24149,0.236746,0.215641,0.312283,0.318121
all_three,78,0.535443,0.51,0.192977,0.223911,0.167758,0.272432,0.299303
all_three,79,0.560169,0.51,0.19314,0.185286,0.166439,0.282252,0.273636
all_three,80,0.561175,0.51,0.185382,0.212124,0.158682,0.278945,0.298291
all_three,81,0.526536,0.51,0.224039,0.24068,0.202422,0.303171,0.320388
all_three,82,0.534874,0.51,0.189932,0.198039,0.16552,0.272988,0.288152
all_three,83,0.569519,0.51,0.182361,0.181776,0.154436,0.269186,0.271703
all_three,84,0.588447,0.51,0.268641,0.24404,0.238504,0.338774,0.315491
all_three,85,0.565197,0.51,0.262265,0.250893,0.235244,0.33177,0.319459
all_three,86,0.536414,0.51,0.181932,0.163668,0.15662,0.2615,0.253457
all_three,87,0.552374,0.51,0.269013,0.267722,0.243594,0.333709,0.329351
all_three,88,0.567106,0.51,0.261291,0.251368,0.23266,0.324192,0.314132
all_three,89,0.541963,0.51,0.255512,0.267055,0.231352,0.327449,0.342217
all_three,90,0.580974,0.51,0.08595,0.09664,0.056432,0.184571,0.185944
all_three,91,0.556674,0.51,0.329642,0.320178,0.303425,0.365465,0.361802
all_three,92,0.531886,0.51,0.179288,0.218637,0.154784,0.264509,0.300116
all_three,93,0.570805,0.51,0.288431,0.323615,0.260982,0.337291,0.345447
all_three,94,0.582217,0.51,0.268289,0.273344,0.241813,0.354435,0.355083
all_three,95,0.570071,0.51,0.166704,0.182087,0.142028,0.2777,0.290491
all_three,96,0.548306,0.51,0.220494,0.215025,0.195631,0.303922,0.302448
all_three,97,0.56032,0.51,0.320842,0.300813,0.294609,0.366231,0.346382
all_three,98,0.552602,0.51,0.240094,0.242271,0.213017,0.307204,0.318915
all_three,99,0.554377,0.51,0.232048,0.208172,0.207289,0.316217,0.298326
all_three,100,0.582626,0.51,0.211107,0.223031,0.183243,0.308417,0.309437
all_three,101,0.570254,0.51,0.270474,0.258331,0.241677,0.332735,0.326522
all_three,102,0.581943,0.51,0.283164,0.299988,0.255861,0.35633,0.362916
all_three,103,0.567051,0.51,0.137545,0.129012,0.109835,0.216839,0.215184
all_three,104,0.556164,0.51,0.345822,0.338875,0.318936,0.365963,0.35739
all_three,105,0.567662,0.51,0.303329,0.29507,0.277587,0.361774,0.347492
all_three,106,0.578605,0.51,0.254888,0.257812,0.226979,0.334841,0.333812
all_three,107,0.579605,0.51,0.259183,0.251032,0.229777,0.329443,0.322033
all_three,108,0.574821,0.51,0.233838,0.272848,0.204298,0.308177,0.328759
all_three,109,0.565519,0.51,0.177068,0.180644,0.149402,0.264167,0.273079
all_three,110,0.556347,0.51,0.264196,0.259524,0.234868,0.313178,0.314803
all_three,111,0.57671,0.51,0.141658,0.125519,0.112733,0.232903,0.217398
all_three,112,0.563897,0.51,0.222098,0.219525,0.193066,0.29449,0.290581
all_three,113,0.559099,0.51,0.139125,0.150097,0.112978,0.234051,0.24651699999999999
all_three,114,0.584554,0.51,0.194584,0.193169,0.167081,0.298795,0.293433
all_three,115,0.567605,0.51,0.176758,0.163249,0.146923,0.256369,0.250617
all_three,116,0.563255,0.51,0.202321,0.18228,0.175579,0.286081,0.274798
all_three,117,0.569574,0.51,0.164783,0.173239,0.137839,0.267739,0.2691
all_three,118,0.546569,0.51,0.301326,0.281073,0.276382,0.344922,0.334424
all_three,119,0.569698,0.51,0.365499,0.353364,0.336893,0.375802,0.360298
all_three,120,0.562406,0.51,0.34359,0.327847,0.316607,0.372303,0.36181
all_three,121,0.565528,0.51,0.200288,0.211124,0.172289,0.284602,0.29024
all_three,122,0.558968,0.51,0.186869,0.17581,0.160709,0.278174,0.268474
all_three,123,0.572043,0.51,0.198799,0.190601,0.171802,0.29527,0.285448
all_three,124,0.542715,0.51,0.353788,0.357628,0.3275,0.36476,0.374545
all_three,125,0.585641,0.51,0.254706,0.260313,0.229288,0.355533,0.355593
all_three,126,0.587716,0.51,0.170931,0.17199,0.141177,0.269522,0.264872
all_three,127,0.570834,0.51,0.309855,0.326694,0.28497,0.369082,0.368694
all_three,128,0.552492,0.51,0.2327,0.216039,0.207047,0.311299,0.303062
all_three,129,0.567565,0.51,0.150011,0.154233,0.122567,0.254458,0.251704
all_three,130,0.585628,0.51,0.215186,0.229946,0.188414,0.319261,0.324929
all_three,131,0.562913,0.51,0.155675,0.134552,0.128095,0.239104,0.22661
all_three,132,0.570588,0.51,0.325282,0.331921,0.29687,0.361583,0.357019
all_three,133,0.575459,0.51,0.225012,0.219799,0.19841,0.318833,0.313489
all_three,134,0.553424,0.51,0.243811,0.237422,0.218883,0.323102,0.321932
all_three,135,0.566459,0.51,0.305437,0.299465,0.279661,0.36253,0.353792
all_three,136,0.550341,0.51,0.353048,0.367077,0.32667,0.358195,0.361196
all_three,137,0.566858,0.51,0.253329,0.254506,0.225777,0.323915,0.319995
all_three,138,0.5952,0.51,0.280069,0.281181,0.248535,0.343564,0.336745
all_three,139,0.550688,0.51,0.160418,0.150223,0.13477,0.249744,0.241204
all_three,140,0.545221,0.51,0.326179,0.308301,0.296797,0.339559,0.331714
all_three,141,0.566418,0.51,0.203235,0.202688,0.17604,0.292624,0.290371
all_three,142,0.584235,0.51,0.268183,0.248181,0.238757,0.33922,0.320785
all_three,143,0.57504,0.51,0.194114,0.221917,0.16681000000000001,0.293841,0.302433
all_three,144,0.547613,0.51,0.394077,0.40134,0.369287,0.382441,0.382276
all_three,145,0.583986,0.51,0.198873,0.192158,0.169849,0.285837,0.284191
all_three,146,0.582221,0.51,0.199669,0.189792,0.171742,0.296996,0.283327
all_three,147,0.560416,0.51,0.176534,0.177147,0.149196,0.267087,0.26346
all_three,148,0.556061,0.51,0.191609,0.206854,0.165529,0.281309,0.294028
all_three,149,0.549132,0.51,0.200367,0.202877,0.174811,0.285007,0.28677
all_three,150,0.587581,0.51,0.298659,0.304864,0.272325,0.36989,0.352427
all_three,151,0.53582,0.51,0.307491,0.306178,0.281351,0.33095,0.331434
all_three,152,0.538161,0.51,0.215425,0.22981,0.18914,0.283783,0.298888
all_three,153,0.56576,0.51,0.163561,0.153577,0.135946,0.25785400000000003,0.246842
all_three,154,0.597352,0.51,0.267647,0.299543,0.239124,0.350147,0.353202
all_three,155,0.591488,0.51,0.176418,0.177613,0.144532,0.259303,0.264571
all_three,156,0.540019,0.51,0.185369,0.21387,0.163432,0.28963,0.323448
all_three,157,0.536191,0.51,0.310058,0.332024,0.284712,0.334623,0.350111
all_three,158,0.585099,0.51,0.212527,0.205276,0.186309,0.320003,0.309334
all_three,159,0.57036,0.51,0.153959,0.146154,0.125477,0.234062,0.234471
all_three,160,0.552921,0.51,0.332336,0.338602,0.3042,0.354963,0.357848
all_three,161,0.567425,0.51,0.294097,0.296563,0.265686,0.342955,0.338913
all_three,162,0.555063,0.51,0.236769,0.225836,0.209491,0.305914,0.302378
all_three,163,0.561172,0.51,0.180469,0.167309,0.153119,0.266465,0.262842
all_three,164,0.569184,0.51,0.185237,0.216354,0.15787,0.280521,0.303021
all_three,165,0.580282,0.51,0.157695,0.132716,0.129224,0.240618,0.2244
all_three,166,0.546684,0.51,0.165676,0.150498,0.139364,0.242118,0.237666
all_three,167,0.54834,0.51,0.168931,0.179145,0.142027,0.248665,0.266411
all_three,168,0.548871,0.51,0.138184,0.164987,0.113583,0.244989,0.267423
all_three,169,0.563081,0.51,0.303232,0.303737,0.277812,0.358906,0.354867
all_three,170,0.57618,0.51,0.2472,0.216097,0.21887,0.324647,0.301781
all_three,171,0.565001,0.51,0.226224,0.227527,0.198357,0.303788,0.304351
all_three,172,0.573635,0.51,0.295029,0.298953,0.268626,0.359104,0.35495
all_three,173,0.558288,0.51,0.312418,0.329267,0.286625,0.353626,0.359055
all_three,174,0.551519,0.51,0.243162,0.249506,0.215853,0.306056,0.312321
all_three,175,0.539619,0.51,0.145098,0.147703,0.121552,0.2416,0.25108
all_three,176,0.561139,0.51,0.292745,0.276637,0.265946,0.348957,0.337376
all_three,177,0.547428,0.51,0.278206,0.289721,0.251373,0.327534,0.338671
all_three,178,0.567658,0.51,0.235088,0.250148,0.207838,0.315068,0.324621
all_three,179,0.567846,0.51,0.252484,0.245543,0.226582,0.336855,0.331756
all_three,180,0.572133,0.51,0.142566,0.132878,0.11585,0.233803,0.221984
all_three,181,0.568884,0.51,0.170845,0.194013,0.1437,0.272995,0.282461
all_three,182,0.585297,0.51,0.311284,0.338743,0.284566,0.377619,0.388341
all_three,183,0.572601,0.51,0.198832,0.201282,0.170362,0.285602,0.285822
all_three,184,0.582883,0.51,0.195358,0.192501,0.165998,0.285768,0.279703
all_three,185,0.523546,0.51,0.299806,0.273597,0.273134,0.322392,0.313589
all_three,186,0.566509,0.51,0.330625,0.304889,0.303769,0.380296,0.365386
all_three,187,0.555014,0.51,0.296333,0.296149,0.269535,0.340264,0.336255
all_three,188,0.585019,0.51,0.251534,0.219833,0.221593,0.325057,0.300589
all_three,189,0.547168,0.51,0.215727,0.205077,0.190341,0.296132,0.292971
all_three,190,0.560256,0.51,0.294428,0.322318,0.269099,0.348882,0.358295
all_three,191,0.536379,0.51,0.182945,0.201263,0.159832,0.277549,0.299447
all_three,192,0.578894,0.51,0.193997,0.210113,0.165919,0.288765,0.299506
all_three,193,0.5793,0.51,0.249947,0.220658,0.219908,0.319242,0.295529
all_three,194,0.575473,0.51,0.185129,0.199991,0.157634,0.2807,0.293325
all_three,195,0.560007,0.51,0.164336,0.151745,0.138141,0.259208,0.252522
all_three,196,0.558048,0.51,0.15482,0.15398,0.127956,0.248066,0.247216
all_three,197,0.57851,0.51,0.192668,0.215843,0.16719,0.304705,0.313634
all_three,198,0.555446,0.51,0.174071,0.172305,0.149261,0.271927,0.272315
all_three,199,0.534421,0.51,0.275996,0.269176,0.25001,0.319131,0.32294
all_three,200,0.564672,0.51,0.204097,0.196904,0.176672,0.286369,0.282386
